{"time/iterations": 1, "time/fps": 802, "time/time_elapsed": 2, "time/total_timesteps": 2048}
{"train/learning_rate": 0.0003, "train/entropy_loss": -2.7595083735883237, "train/policy_gradient_loss": -0.02395482440624619, "train/value_loss": 0.005127601743151899, "train/approx_kl": 0.017545178532600403, "train/clip_fraction": 0.208837890625, "train/loss": -0.04292447492480278, "train/explained_variance": 0.24009549617767334, "train/n_updates": 10, "train/clip_range": 0.2, "time/iterations": 2, "time/fps": 567, "time/time_elapsed": 7, "time/total_timesteps": 4096}
{"train/learning_rate": 0.0003, "train/entropy_loss": -2.7167639203369616, "train/policy_gradient_loss": -0.019283128390088677, "train/value_loss": 0.008357604264892871, "train/approx_kl": 0.015280334278941154, "train/clip_fraction": 0.228076171875, "train/loss": -0.04632598161697388, "train/explained_variance": -0.011187434196472168, "train/n_updates": 20, "train/clip_range": 0.2, "eval/mean_reward": 297.783628, "eval/mean_ep_length": 16201.0, "time/total_timesteps": 5000}
{"time/iterations": 3, "time/fps": 82, "time/time_elapsed": 74, "time/total_timesteps": 6144}
{"train/learning_rate": 0.0003, "train/entropy_loss": -2.6581675559282303, "train/policy_gradient_loss": -0.023328291322104632, "train/value_loss": 0.01020483397442149, "train/approx_kl": 0.013785836286842823, "train/clip_fraction": 0.25185546875, "train/loss": 0.03043893165886402, "train/explained_variance": 0.5361679792404175, "train/n_updates": 30, "train/clip_range": 0.2, "time/iterations": 4, "time/fps": 106, "time/time_elapsed": 76, "time/total_timesteps": 8192}
{"train/learning_rate": 0.0003, "train/entropy_loss": -2.61138081997633, "train/policy_gradient_loss": -0.019143681428977287, "train/value_loss": 0.034513044645427725, "train/approx_kl": 0.0168832466006279, "train/clip_fraction": 0.228564453125, "train/loss": -0.048959262669086456, "train/explained_variance": 0.004778742790222168, "train/n_updates": 40, "train/clip_range": 0.2, "eval/mean_reward": 787.1698636, "eval/mean_ep_length": 16201.0, "time/total_timesteps": 10000}
{"time/iterations": 5, "time/fps": 65, "time/time_elapsed": 156, "time/total_timesteps": 10240}
{"train/learning_rate": 0.0003, "train/entropy_loss": -2.4911716736853124, "train/policy_gradient_loss": -0.01829692027386045, "train/value_loss": 0.14073866666294635, "train/approx_kl": 0.018739081919193268, "train/clip_fraction": 0.20947265625, "train/loss": 0.05999261513352394, "train/explained_variance": -0.048590779304504395, "train/n_updates": 50, "train/clip_range": 0.2, "time/iterations": 6, "time/fps": 77, "time/time_elapsed": 159, "time/total_timesteps": 12288}
{"train/learning_rate": 0.0003, "train/entropy_loss": -2.414779721945524, "train/policy_gradient_loss": -0.005017812714504544, "train/value_loss": 2.7919855329208074, "train/approx_kl": 0.008822956122457981, "train/clip_fraction": 0.056884765625, "train/loss": 0.5595903992652893, "train/explained_variance": 0.10610151290893555, "train/n_updates": 60, "train/clip_range": 0.2, "time/iterations": 7, "time/fps": 89, "time/time_elapsed": 160, "time/total_timesteps": 14336}
{"train/learning_rate": 0.0003, "train/entropy_loss": -2.288399302959442, "train/policy_gradient_loss": -0.014312605670420453, "train/value_loss": 0.8418272499926388, "train/approx_kl": 0.01888943836092949, "train/clip_fraction": 0.134033203125, "train/loss": 0.30378326773643494, "train/explained_variance": 0.5059134364128113, "train/n_updates": 70, "train/clip_range": 0.2, "eval/mean_reward": 38346.722867799996, "eval/mean_ep_length": 16201.0, "time/total_timesteps": 15000}
{"time/iterations": 8, "time/fps": 71, "time/time_elapsed": 228, "time/total_timesteps": 16384}
{"train/learning_rate": 0.0003, "train/entropy_loss": -2.2060610726475716, "train/policy_gradient_loss": -0.004477380235039163, "train/value_loss": 5.95778815895319, "train/approx_kl": 0.010349102318286896, "train/clip_fraction": 0.04423828125, "train/loss": 2.1792848110198975, "train/explained_variance": 0.5863045454025269, "train/n_updates": 80, "train/clip_range": 0.2, "time/iterations": 9, "time/fps": 79, "time/time_elapsed": 230, "time/total_timesteps": 18432}
{"train/learning_rate": 0.0003, "train/entropy_loss": -2.141776958107948, "train/policy_gradient_loss": -0.007416476413345663, "train/value_loss": 7.265964029729366, "train/approx_kl": 0.009965358301997185, "train/clip_fraction": 0.06728515625, "train/loss": 3.2632455825805664, "train/explained_variance": 0.7348612546920776, "train/n_updates": 90, "train/clip_range": 0.2, "eval/mean_reward": 3546.3312554000004, "eval/mean_ep_length": 16201.0, "time/total_timesteps": 20000}
{"time/iterations": 10, "time/fps": 67, "time/time_elapsed": 304, "time/total_timesteps": 20480}
{"train/learning_rate": 0.0003, "train/entropy_loss": -2.1219090804457665, "train/policy_gradient_loss": -0.002175692230957793, "train/value_loss": 13.213874718546867, "train/approx_kl": 0.006087896879762411, "train/clip_fraction": 0.009375, "train/loss": 4.979004383087158, "train/explained_variance": 0.39675968885421753, "train/n_updates": 100, "train/clip_range": 0.2, "time/iterations": 11, "time/fps": 73, "time/time_elapsed": 306, "time/total_timesteps": 22528}
{"train/learning_rate": 0.0003, "train/entropy_loss": -2.0196732454001904, "train/policy_gradient_loss": -0.004737317607214209, "train/value_loss": 4.891870719939471, "train/approx_kl": 0.009798598475754261, "train/clip_fraction": 0.059814453125, "train/loss": 2.1168508529663086, "train/explained_variance": 0.20434987545013428, "train/n_updates": 110, "train/clip_range": 0.2, "time/iterations": 12, "time/fps": 79, "time/time_elapsed": 308, "time/total_timesteps": 24576}
{"train/learning_rate": 0.0003, "train/entropy_loss": -1.9830855000764132, "train/policy_gradient_loss": -0.004548896258347668, "train/value_loss": 3.962442580983043, "train/approx_kl": 0.017577115446329117, "train/clip_fraction": 0.07421875, "train/loss": 2.604360580444336, "train/explained_variance": 0.5906921029090881, "train/n_updates": 120, "train/clip_range": 0.2, "eval/mean_reward": 3968.6571347999998, "eval/mean_ep_length": 16201.0, "time/total_timesteps": 25000}
{"time/iterations": 13, "time/fps": 68, "time/time_elapsed": 389, "time/total_timesteps": 26624}
{"train/learning_rate": 0.0003, "train/entropy_loss": -1.9678746066987514, "train/policy_gradient_loss": -0.005149553772935178, "train/value_loss": 8.291729015856982, "train/approx_kl": 0.009174848906695843, "train/clip_fraction": 0.063330078125, "train/loss": 3.207913398742676, "train/explained_variance": 0.5734999775886536, "train/n_updates": 130, "train/clip_range": 0.2, "time/iterations": 14, "time/fps": 73, "time/time_elapsed": 392, "time/total_timesteps": 28672}
{"train/learning_rate": 0.0003, "train/entropy_loss": -1.898481883853674, "train/policy_gradient_loss": -0.0029477420925104526, "train/value_loss": 8.487567964196206, "train/approx_kl": 0.00601875688880682, "train/clip_fraction": 0.032568359375, "train/loss": 3.331791639328003, "train/explained_variance": 0.6537613272666931, "train/n_updates": 140, "train/clip_range": 0.2, "eval/mean_reward": 12803.7310378, "eval/mean_ep_length": 16201.0, "time/total_timesteps": 30000}
{"time/iterations": 15, "time/fps": 67, "time/time_elapsed": 457, "time/total_timesteps": 30720}
{"train/learning_rate": 0.0003, "train/entropy_loss": -1.8509164839982986, "train/policy_gradient_loss": -0.00041791398543864486, "train/value_loss": 5.730728652328253, "train/approx_kl": 0.0023600184358656406, "train/clip_fraction": 0.01103515625, "train/loss": 1.86814284324646, "train/explained_variance": 0.665855884552002, "train/n_updates": 150, "train/clip_range": 0.2, "time/iterations": 16, "time/fps": 71, "time/time_elapsed": 460, "time/total_timesteps": 32768}
{"train/learning_rate": 0.0003, "train/entropy_loss": -1.846773974597454, "train/policy_gradient_loss": -0.006748191497172229, "train/value_loss": 9.613208866119384, "train/approx_kl": 0.01141483336687088,